{"version":2,"languages":{"bun":{"specfileHash":"32991b75897b14c8d4497db3c914be2b","lockfileHash":"932c1296cce123aa682ae00c18ba1262","guessedImports":["@replit/vite-plugin-shadcn-theme-json","tailwindcss","@tailwindcss/typography","vite","@vitejs/plugin-react","@replit/vite-plugin-runtime-error-modal","drizzle-kit","tailwindcss-animate"],"guessedImportsHash":"36ddde7162d77428665ff0a9fbe22ced"},"nodejs-npm":{"specfileHash":"1c331c7d47871aac7801ca1ddbed6da5","lockfileHash":"6e2a58c929340d7b4b936b2632a15cb3","guessedImports":["tailwindcss-animate","@tailwindcss/typography","@replit/vite-plugin-shadcn-theme-json","@replit/vite-plugin-runtime-error-modal","@vitejs/plugin-react","drizzle-kit","vite","tailwindcss"],"guessedImportsHash":"2d18483e42fc2ce7762386eb6ffce486"}}}
